"X1","X2","X3","X4","X5","cus_id"
3,3,2,3,1,"109693"
5,4,5,5,5,"169587"
7,6,6,7,7,"189709"
5,3,5,6,6,"299749"
2,2,2,2,2,"339665"
3,3,3,3,3,"339918"
1,1,1,1,1,"349530"
1,1,1,1,1,"369985"
3,2,3,3,2,"389613"
9,5,7,7,8,"499639"
4,3,8,4,5,"529915"
7,9,7,7,5,"589766"
2,2,4,3,3,"749556"
5,5,6,5,7,"819895"
6,5,6,6,6,"869947"
5,6,4,6,6,"899987"
5,2,2,2,2,"909794"
3,4,4,4,4,"949967"
8,7,7,7,7,"969825"
7,8,7,12,7,"969975"
3,3,3,3,3,"1039647"
3,3,3,3,3,"1049570"
2,2,2,2,2,"1069886"
2,3,3,3,3,"1109884"
4,3,6,7,8,"1129755"
2,2,2,2,2,"1139567"
6,6,6,8,8,"1139738"
3,7,6,7,9,"1219886"
39,38,39,44,44,"1249927"
1,1,1,1,1,"1289567"
8,9,10,8,5,"1369925"
4,5,4,5,5,"1409661"
6,6,5,6,5,"1429948"
6,5,5,5,5,"1499909"
3,2,2,4,1,"1529898"
2,2,2,2,2,"1579841"
5,4,4,4,4,"1609678"
4,3,3,3,3,"1659549"
4,4,4,4,4,"1710000"
2,1,1,1,1,"1879807"
5,5,5,4,5,"1889991"
3,4,6,5,6,"1899550"
1,1,1,2,1,"1999671"
1,1,1,1,1,"2009681"
2,2,2,2,2,"2039621"
2,2,2,1,2,"2059893"
1,2,2,1,2,"2239835"
3,3,3,2,3,"2249699"
2,2,2,2,1,"2259776"
3,4,4,3,3,"2259992"
3,2,2,2,2,"2269804"
4,3,4,3,1,"2339637"
6,2,2,1,1,"2409947"
9,32,13,4,4,"2639965"
1,2,1,1,1,"2689758"
5,5,5,6,4,"2809951"
7,6,7,7,6,"2839651"
3,3,3,2,3,"2969905"
3,2,2,2,2,"3169944"
3,2,4,4,2,"3179779"
4,3,5,4,6,"3189829"
3,3,3,3,3,"3229801"
3,3,3,3,3,"3299585"
2,2,3,2,2,"3349948"
4,4,3,3,3,"3369877"
5,6,5,5,6,"3389801"
6,5,6,6,6,"3409828"
5,5,5,4,5,"3419797"
3,3,2,3,3,"3489804"
4,4,4,5,5,"3489945"
4,2,3,4,3,"3509691"
3,3,4,3,3,"3509800"
3,1,3,1,3,"3519981"
6,6,6,5,6,"3529748"
6,4,3,2,6,"3629797"
2,2,2,2,2,"3689897"
2,2,3,6,4,"3709783"
4,6,6,6,5,"3709984"
4,4,4,4,4,"3759797"
2,4,3,3,4,"3849717"
2,1,1,2,2,"3869942"
2,3,2,2,2,"3989575"
3,3,3,4,3,"4019679"
4,3,4,3,3,"4029695"
5,4,4,4,4,"4069735"
9,8,7,6,8,"4239950"
2,3,5,5,4,"4309605"
3,4,3,3,3,"4319967"
8,5,2,1,2,"4369928"
3,2,2,2,2,"4369949"
3,4,4,4,4,"4419627"
2,2,2,2,2,"4459951"
10,19,11,18,5,"4509747"
4,3,4,3,4,"4529875"
6,6,5,5,4,"4559994"
4,4,4,4,4,"4569688"
3,2,3,3,2,"4589586"
5,5,4,6,5,"4589591"
9,8,9,9,8,"4609812"
6,5,6,6,7,"4669939"
2,4,4,4,4,"4679726"
4,4,4,5,4,"4689635"
9,11,11,11,11,"4719570"
4,5,2,2,3,"4779570"
4,4,4,7,5,"4899809"
3,3,3,3,3,"5009580"
2,2,2,2,2,"5119801"
3,3,3,3,4,"5139925"
5,6,5,5,5,"5149765"
3,3,3,3,3,"5149889"
6,4,4,4,4,"5189621"
1,1,1,1,1,"5199595"
3,3,4,3,3,"5209899"
4,4,5,4,4,"5239934"
2,2,2,2,1,"5389896"
1,2,4,1,5,"5639825"
5,4,4,4,4,"5649867"
3,3,4,4,4,"5649957"
3,2,3,3,2,"5729916"
2,3,2,6,10,"5959780"
2,5,4,3,4,"5989664"
5,5,5,5,6,"6039822"
2,2,2,2,2,"6079731"
4,4,5,2,2,"6369940"
1,1,1,1,1,"6409834"
2,1,1,2,2,"6419582"
4,1,3,3,4,"6599812"
1,1,2,1,1,"6619659"
4,4,4,4,4,"6659815"
3,3,3,3,3,"6679813"
2,2,2,2,2,"6729743"
4,4,4,5,4,"6739641"
2,2,3,3,3,"6789802"
2,2,2,2,3,"6799676"
2,2,2,2,1,"6809659"
3,3,3,3,3,"6839952"
1,2,2,2,2,"6859923"
2,2,2,1,2,"6899618"
2,2,2,2,1,"7039904"
1,1,2,2,1,"7079973"
6,3,5,6,3,"7119898"
5,5,2,2,2,"7119955"
3,4,3,4,1,"7129976"
1,1,1,1,1,"7139796"
3,3,4,3,3,"7269949"
6,4,7,1,1,"7349772"
2,2,2,2,3,"7389730"
2,2,2,1,2,"7409778"
8,6,6,7,9,"7569890"
10,3,8,8,9,"7629630"
5,5,5,3,1,"7679874"
3,3,3,6,3,"7719577"
3,3,3,2,3,"7729784"
3,3,3,3,2,"7729819"
3,4,3,3,3,"7739787"
8,8,7,7,8,"7819901"
7,8,8,9,10,"7859980"
6,8,9,9,10,"7869549"
4,4,4,4,7,"7919932"
4,5,4,5,4,"7989981"
3,3,3,3,3,"8039647"
2,2,2,2,3,"8049900"
5,5,2,2,2,"8169802"
4,4,4,4,4,"8189540"
3,2,3,2,2,"8209651"
6,9,3,3,3,"8209801"
10,7,7,7,6,"8209843"
2,2,3,2,3,"8219704"
3,3,3,3,3,"8229636"
2,2,2,2,3,"8259629"
5,8,5,4,4,"8309990"
2,2,2,2,2,"8449971"
4,3,3,4,2,"8679834"
2,2,2,5,6,"8679838"
3,1,1,1,2,"8719935"
3,5,4,5,4,"8839585"
3,3,2,3,3,"8849964"
4,4,4,2,4,"8949893"
4,5,5,5,4,"9019561"
6,6,5,5,5,"9049946"
3,2,2,2,2,"9069852"
1,1,2,2,2,"9089753"
2,2,3,3,3,"9119670"
5,5,5,5,5,"9199746"
2,2,1,2,2,"9319844"
6,6,6,4,6,"9319932"
1,1,1,1,2,"9349783"
5,5,4,4,4,"9439971"
3,2,2,2,2,"9469815"
7,11,9,6,7,"9509843"
6,6,6,7,6,"9699987"
3,3,4,3,3,"9829989"
1,2,2,1,1,"9929819"
7,7,8,8,7,"9989829"
3,3,3,3,3,"10119835"
2,2,1,2,1,"10119936"
6,4,5,4,6,"10179820"
7,10,4,8,8,"10269678"
3,3,3,3,3,"10279567"
3,3,2,2,2,"10279748"
3,3,2,3,3,"10359835"
1,1,1,1,1,"10369846"
2,3,3,3,4,"10459935"
4,4,4,4,4,"10469726"
3,4,4,3,3,"10469873"
2,2,2,2,2,"10489785"
3,3,4,3,4,"10529754"
4,4,2,3,2,"10629613"
3,3,2,2,2,"10679950"
3,3,2,3,3,"10709970"
9,6,8,7,6,"10799927"
3,2,2,2,2,"10839858"
2,2,2,1,2,"10939624"
7,7,10,7,8,"11219702"
2,2,2,3,3,"11279674"
3,3,3,3,3,"11309796"
2,2,2,2,2,"11319562"
9,11,7,9,10,"11369915"
2,2,1,2,2,"11389560"
4,4,5,5,5,"11409719"
1,2,2,1,1,"11449698"
2,2,2,2,2,"11469570"
3,3,3,3,3,"11469670"
1,1,1,1,1,"11529864"
1,1,1,1,1,"11549821"
7,10,5,9,9,"11589762"
6,11,3,4,3,"11599805"
4,3,3,3,3,"11599992"
3,4,6,7,4,"11629887"
4,4,4,4,5,"11639959"
9,6,13,9,10,"11719672"
2,2,2,2,1,"11789750"
5,4,4,5,3,"11789884"
3,3,4,3,3,"11789887"
4,4,5,5,4,"11819720"
3,3,3,3,4,"11939871"
2,1,2,2,2,"11939934"
3,2,3,4,4,"11979747"
3,3,2,2,2,"12089735"
4,3,2,2,2,"12109797"
3,3,4,1,2,"12159907"
3,3,3,3,2,"12189994"
2,2,3,2,2,"12299800"
6,6,6,9,7,"12359644"
1,1,3,3,3,"12529942"
5,5,8,8,11,"12559813"
1,2,5,3,4,"12649991"
3,3,3,3,3,"12659995"
1,1,1,1,1,"12739698"
2,2,3,3,3,"12869802"
7,5,2,4,5,"12899960"
1,1,1,1,1,"12949792"
6,5,5,6,6,"13029758"
4,10,5,6,6,"13069651"
2,2,2,2,2,"13079908"
2,8,9,7,10,"13099817"
3,3,3,12,10,"13149827"
11,13,13,13,12,"13169822"
2,3,3,3,2,"13269913"
4,3,3,3,3,"13359664"
2,2,2,2,2,"13359824"
6,5,5,7,9,"13379843"
7,8,1,2,2,"13399563"
2,2,3,2,3,"13439985"
2,2,2,2,2,"13479847"
1,1,1,5,1,"13559676"
2,2,2,2,2,"13559834"
3,2,2,2,2,"13589918"
5,4,5,5,5,"13649822"
5,4,5,4,10,"13679928"
7,6,6,6,6,"13719671"
5,6,5,7,7,"13889806"
6,2,2,2,2,"13899534"
2,2,2,3,3,"13929537"
2,2,2,1,2,"13939792"
8,5,6,4,4,"13949603"
2,1,1,1,1,"13949945"
2,2,2,2,2,"13979913"
2,3,3,2,1,"14029845"
4,3,4,4,3,"14099926"
4,4,4,4,4,"14109606"
1,1,2,2,1,"14159599"
1,1,1,1,1,"14169929"
13,14,14,15,14,"14189592"
2,2,2,2,2,"14239708"
3,3,3,3,2,"14289700"
7,5,5,7,3,"14429859"
6,9,5,6,5,"14459812"
2,3,4,2,2,"14549652"
3,3,3,3,3,"14559662"
1,1,1,1,1,"14669804"
2,3,3,3,2,"14719985"
5,12,21,3,20,"14759822"
2,2,2,2,2,"15009613"
4,3,3,3,3,"15089542"
5,5,7,5,4,"15139814"
15,18,15,15,5,"15149791"
5,4,5,5,8,"15149959"
4,4,4,4,4,"15199829"
2,2,2,2,2,"15239611"
2,2,1,1,1,"15239877"
3,4,3,3,3,"15309821"
3,3,2,2,3,"15369617"
4,4,4,3,4,"15419711"
4,4,3,3,4,"15469869"
1,1,1,1,1,"15519754"
1,1,1,1,1,"15529995"
2,2,1,3,4,"15559932"
2,5,5,5,5,"15599558"
2,1,2,2,2,"15599711"
2,2,2,2,2,"15629981"
2,2,3,2,2,"15749826"
2,3,2,3,3,"15809722"
4,2,4,4,4,"15819652"
3,3,3,3,3,"15819864"
6,7,5,20,5,"15879989"
6,6,6,7,8,"15949656"
4,4,4,6,6,"15959606"
3,2,2,2,3,"15969821"
3,3,3,3,3,"16019629"
3,3,3,3,2,"16049785"
2,2,2,5,3,"16069767"
3,3,3,3,2,"16099749"
2,3,2,3,3,"16139538"
5,5,4,5,5,"16179985"
8,9,9,9,8,"16189799"
6,6,7,6,6,"16229605"
8,6,1,1,1,"16249638"
3,2,3,3,2,"16269899"
3,3,3,3,3,"16329954"
4,4,4,4,4,"16419540"
9,8,9,10,11,"16430000"
2,2,2,2,2,"16439955"
10,18,10,9,9,"16509833"
9,9,3,9,3,"16529696"
2,3,3,3,3,"16549713"
2,3,2,2,2,"16699953"
2,3,3,3,3,"16709903"
8,6,8,9,10,"16779934"
3,3,2,4,3,"16809940"
3,3,3,4,3,"16819969"
2,3,2,2,2,"16829885"
5,3,3,4,3,"16869636"
5,4,5,4,6,"16869990"
3,3,2,4,3,"16879828"
4,3,3,2,2,"16889917"
2,2,2,2,4,"16899629"
3,3,2,2,3,"17049579"
1,1,1,1,2,"17139799"
2,2,2,2,2,"17179776"
2,2,1,2,2,"17199977"
6,5,6,5,7,"17269835"
4,4,4,4,4,"17299665"
4,5,4,4,5,"17299754"
6,3,6,6,6,"17309576"
3,3,3,3,3,"17319713"
8,4,7,9,8,"17329573"
6,3,2,3,4,"17459834"
4,3,3,3,3,"17479985"
3,3,9,6,6,"17499832"
2,3,2,3,3,"17619860"
4,4,5,2,2,"17619883"
3,2,3,3,3,"17709893"
4,5,4,4,4,"17799733"
1,1,2,1,2,"17829579"
3,3,3,3,3,"17849991"
2,2,2,4,4,"17889753"
5,5,5,6,5,"17889830"
7,6,7,6,6,"17899753"
4,4,4,4,3,"17899931"
5,5,5,5,5,"17929597"
2,2,2,2,2,"17939852"
2,3,3,3,3,"18009546"
4,4,4,4,6,"18019542"
2,2,2,2,2,"18149540"
2,2,2,2,2,"18199654"
2,1,2,1,2,"18199905"
3,2,4,3,5,"18219808"
3,2,4,3,3,"18249950"
2,1,2,2,2,"18259979"
5,4,4,4,5,"18419697"
5,6,5,4,4,"18429945"
6,6,7,6,6,"18519751"
4,4,5,5,5,"18539540"
2,2,3,2,3,"18809726"
5,5,5,6,5,"18829966"
5,5,5,5,3,"18869934"
1,2,1,2,3,"18939947"
1,1,2,2,1,"19009510"
5,5,5,5,4,"19129933"
2,1,2,1,2,"19229772"
8,7,7,5,4,"19259971"
2,3,3,2,3,"19320000"
3,3,3,3,3,"19349984"
4,3,4,4,4,"19379796"
4,3,3,2,3,"19509983"
2,2,2,4,2,"19529936"
3,4,3,1,2,"19649675"
2,2,2,2,1,"19689682"
3,2,3,2,2,"19699799"
2,3,2,2,2,"19789898"
5,5,4,5,4,"19809975"
3,3,3,3,3,"19849674"
3,3,3,2,2,"19859957"
2,2,2,2,2,"19879521"
2,2,2,2,1,"19879848"
1,1,2,1,1,"19909679"
2,2,3,3,3,"19939978"
2,2,2,2,2,"19969667"
7,7,6,8,8,"20129679"
3,3,3,2,2,"20219866"
1,2,1,5,4,"20269853"
10,10,11,13,7,"20379814"
5,6,5,5,7,"20509797"
4,4,4,4,4,"20559593"
4,3,4,5,4,"20579853"
3,3,3,3,1,"20589880"
1,1,2,1,1,"20619997"
4,4,4,4,4,"20649929"
6,5,6,2,2,"20739871"
2,3,3,2,3,"20759906"
5,6,5,5,2,"20809998"
6,1,2,2,2,"20869946"
3,3,3,3,3,"20889964"
1,1,1,1,1,"20909719"
4,4,4,4,4,"20919680"
2,2,2,3,3,"20959540"
3,2,3,3,3,"21039641"
1,1,1,1,1,"21079559"
5,2,5,6,5,"21159716"
2,1,2,1,2,"21179639"
3,3,3,3,3,"21249884"
5,1,1,1,1,"21309958"
1,1,1,1,1,"21319608"
2,2,2,2,2,"21349918"
5,3,4,4,4,"21479974"
3,3,2,3,3,"21529951"
4,4,3,3,4,"21569591"
3,4,3,3,3,"21579922"
7,4,9,10,9,"21709938"
2,2,2,2,2,"21729808"
5,1,2,1,2,"21739653"
3,4,4,2,3,"21759843"
2,1,2,1,1,"21829960"
3,3,4,3,3,"21859540"
3,2,2,1,2,"22009953"
3,2,2,2,5,"22029547"
2,2,2,2,3,"22079990"
3,3,3,3,3,"22129546"
4,4,3,4,3,"22289992"
3,3,3,2,3,"22339588"
8,9,14,9,2,"22419785"
4,4,4,5,5,"22419851"
2,2,2,2,2,"22459707"
3,3,6,3,3,"22509962"
3,3,4,3,8,"22529830"
4,3,4,5,4,"22679929"
4,4,4,4,4,"22689899"
1,2,1,1,1,"22699990"
1,1,1,1,1,"22789822"
4,2,3,2,3,"22859731"
4,4,5,4,3,"22869555"
3,3,3,3,3,"22929627"
5,4,1,12,5,"23009992"
2,2,2,2,3,"23059907"
1,2,2,2,2,"23100000"
3,2,3,3,3,"23109737"
3,4,4,4,3,"23229587"
8,8,8,8,8,"23239648"
13,11,11,12,1,"23319833"
1,1,1,1,2,"23469756"
8,7,8,4,4,"23569586"
1,1,1,1,1,"23629613"
3,3,3,3,3,"23629919"
5,6,2,2,2,"23649887"
2,2,2,2,2,"23679575"
6,6,6,7,6,"23689998"
13,11,15,13,15,"23729629"
2,1,2,3,1,"23759562"
2,2,2,1,2,"23799921"
3,3,3,3,3,"23839751"
2,2,2,2,2,"23839881"
7,6,2,2,2,"23859646"
10,6,7,7,7,"23989928"
2,2,4,3,3,"23989990"
3,4,3,3,3,"24039560"
3,4,4,3,4,"24039599"
4,5,5,4,3,"24069956"
3,3,4,4,3,"24109837"
6,11,6,4,5,"24109953"
2,2,2,2,2,"24209784"
4,2,3,3,3,"24259591"
3,3,4,3,3,"24269853"
1,1,1,1,1,"24319961"
3,2,3,2,3,"24409937"
2,1,2,1,2,"24479817"
7,6,6,7,7,"24509693"
4,5,4,3,4,"24509760"
4,4,4,4,4,"24579854"
7,6,6,6,7,"24609776"
6,6,6,8,6,"24649640"
2,4,2,1,2,"24679865"
2,2,2,2,3,"24769834"
11,12,10,12,13,"24799724"
6,6,6,6,5,"25009784"
6,6,7,7,6,"25009822"
3,2,6,5,6,"25059811"
5,5,5,5,5,"25089826"
5,5,4,3,5,"25109828"
7,6,5,5,6,"25159710"
2,2,2,1,1,"25199765"
4,4,5,4,4,"25209745"
4,3,2,1,1,"25229774"
2,2,2,2,2,"25399559"
4,4,4,4,5,"25509840"
7,8,8,8,6,"25509893"
1,1,1,1,2,"25559637"
1,1,1,1,1,"25609602"
4,5,5,5,5,"25619583"
2,2,2,2,2,"25739825"
23,26,26,26,21,"25749578"
7,7,8,7,7,"25769814"
5,5,6,5,5,"25869803"
2,2,2,2,2,"26129600"
6,3,5,5,5,"26169856"
5,5,5,4,5,"26329982"
2,2,3,3,2,"26349863"
8,6,6,8,7,"26379959"
14,7,8,8,6,"26399959"
5,4,4,4,4,"26429816"
3,3,5,2,4,"26449934"
2,2,2,2,2,"26499927"
4,3,3,4,4,"26609625"
2,2,2,2,2,"26619784"
6,5,5,5,6,"26849928"
2,2,2,2,2,"27009537"
1,1,1,1,1,"27109826"
2,3,3,3,2,"27119910"
4,4,5,3,4,"27149825"
2,3,2,2,2,"27179605"
3,2,2,3,3,"27309620"
2,2,2,2,2,"27349759"
4,4,3,5,5,"27359976"
2,2,2,2,1,"27369886"
4,3,3,3,3,"27379831"
5,5,5,6,5,"27449659"
2,2,2,2,2,"27469835"
2,3,3,7,4,"27559914"
1,2,2,2,1,"27580000"
2,3,2,2,2,"27609975"
3,3,3,3,3,"27769801"
2,3,3,3,3,"27779919"
2,2,2,2,2,"27789582"
6,1,1,1,1,"27839656"
1,2,1,1,1,"27879910"
9,10,2,4,3,"27929590"
3,3,3,3,3,"27929598"
8,8,9,8,3,"27929947"
5,4,4,4,4,"27949946"
2,2,2,1,2,"27959877"
2,2,2,2,2,"28049788"
2,2,2,4,4,"28199726"
7,5,5,5,4,"28199766"
10,8,8,5,8,"28209623"
3,4,4,5,4,"28359772"
3,4,3,4,3,"28389996"
9,5,5,4,5,"28449658"
4,5,5,5,4,"28449975"
5,5,5,5,5,"28469794"
3,3,3,3,3,"28519912"
3,4,5,4,5,"28559806"
3,3,3,2,2,"28599796"
12,13,12,4,4,"28659946"
1,1,1,1,1,"28679927"
3,2,3,2,2,"28769574"
2,4,1,5,4,"28839722"
3,3,5,5,3,"28839892"
2,2,2,2,1,"28899633"
3,3,2,3,3,"28939820"
4,5,4,1,1,"28969931"
1,1,1,1,1,"28969992"
4,3,4,3,3,"28979677"
1,1,2,2,1,"28999606"
4,4,4,4,5,"29029884"
4,4,4,4,3,"29079953"
3,2,2,2,3,"29089746"
4,4,4,5,4,"29249884"
6,5,5,6,5,"29299986"
2,2,2,2,2,"29329756"
5,5,5,6,5,"29349622"
7,5,2,2,2,"29379639"
2,2,2,2,2,"29379832"
6,5,5,6,4,"29419730"
1,3,3,3,3,"29429982"
4,5,4,5,2,"29479946"
8,7,5,7,7,"29509888"
3,4,3,4,4,"29529994"
1,1,1,2,1,"29549819"
2,2,2,4,2,"29589795"
1,2,2,2,2,"29589856"
2,2,2,2,2,"29629704"
3,3,4,3,3,"29649742"
2,1,2,2,2,"29689725"
4,3,2,2,5,"29699939"
1,1,1,1,1,"29759594"
13,11,8,11,2,"29769913"
1,1,1,1,1,"29779920"
2,1,2,2,2,"29929667"
4,4,5,3,4,"29989562"
3,3,3,3,3,"29989718"
4,4,4,5,4,"30039956"
4,4,7,10,9,"30159778"
2,2,2,2,2,"30189723"
2,4,3,5,3,"30209822"
4,4,5,4,5,"30229727"
1,2,2,1,2,"30279834"
1,1,1,1,1,"30329982"
3,3,3,3,3,"30439747"
2,2,2,2,1,"30519968"
3,3,2,3,2,"30699587"
4,4,3,5,4,"30729553"
2,2,2,2,2,"30739829"
1,2,4,3,5,"30789865"
5,5,3,6,6,"30939761"
2,2,2,2,3,"31009635"
3,7,7,7,8,"31069984"
6,5,6,6,5,"31079582"
3,3,2,3,3,"31099800"
5,4,4,5,3,"31189563"
7,5,6,7,6,"31229829"
6,6,7,6,2,"31259918"
2,3,3,3,3,"31309962"
2,2,2,2,2,"31319659"
4,1,4,5,3,"31359876"
11,8,9,8,8,"31449864"
4,2,2,3,3,"31479538"
1,1,1,1,2,"31569956"
3,3,4,2,4,"31619963"
11,13,15,9,2,"31709884"
5,5,6,5,4,"31809821"
5,6,5,5,5,"31829841"
3,3,2,3,3,"31859680"
7,7,7,6,7,"31889833"
2,3,3,3,2,"31929673"
5,5,5,5,5,"31929809"
10,10,8,10,9,"31929940"
3,4,4,3,4,"32019639"
3,2,2,3,3,"32209848"
3,4,3,3,3,"32299809"
1,1,1,1,1,"32419982"
9,7,7,4,6,"32439773"
4,2,3,3,3,"32449778"
5,5,6,4,6,"32469998"
3,2,3,3,2,"32529669"
4,4,4,3,2,"32539994"
6,5,5,5,6,"32559815"
2,2,2,3,2,"32619707"
1,1,2,1,2,"32719930"
1,1,1,1,1,"32899755"
4,4,3,3,3,"32929755"
2,2,2,2,4,"33019857"
5,5,4,7,5,"33039984"
5,5,5,5,6,"33059986"
2,2,2,2,2,"33119644"
3,2,2,2,2,"33159630"
2,3,4,3,3,"33169982"
3,3,3,3,3,"33189852"
3,3,3,3,3,"33289859"
4,3,3,3,3,"33419626"
10,3,8,8,10,"33419788"
3,3,3,2,3,"33459796"
5,4,6,5,4,"33559925"
1,2,3,2,1,"33599647"
3,3,3,1,2,"33629761"
2,2,1,2,2,"33729827"
5,5,5,4,5,"33799842"
5,5,6,7,9,"33819950"
1,2,1,1,1,"33869812"
2,2,2,2,2,"33919808"
3,2,2,2,2,"33949766"
5,5,5,5,5,"33979834"
2,2,2,2,2,"33989604"
2,2,2,2,2,"34029868"
1,1,1,1,2,"34089867"
3,3,3,2,3,"34119894"
1,2,1,1,1,"34139947"
2,1,1,8,7,"34159622"
2,2,2,2,2,"34179982"
4,4,3,5,3,"34189966"
4,3,2,3,3,"34219961"
4,3,3,4,3,"34279797"
4,4,3,4,4,"34399619"
3,3,3,3,3,"34399797"
4,3,4,3,3,"34439806"
4,4,5,4,4,"34479813"
5,4,5,5,5,"34489919"
2,9,5,8,8,"34519809"
2,1,2,2,1,"34559987"
5,6,5,4,5,"34569928"
2,3,3,3,3,"34589863"
4,3,4,4,4,"34609618"
3,3,3,3,5,"34799710"
4,3,3,3,3,"34899963"
4,4,4,3,4,"34929832"
20,4,6,4,6,"34999968"
3,3,3,3,3,"35009936"
12,11,9,13,7,"35119545"
7,5,6,6,6,"35159813"
3,2,3,2,4,"35209712"
2,2,2,2,2,"35359799"
3,5,4,3,3,"35379761"
4,4,3,4,4,"35389919"
4,4,4,4,4,"35439967"
3,3,3,3,3,"35629876"
4,5,4,5,6,"35649822"
1,2,3,3,3,"35699915"
3,3,4,3,3,"35749659"
4,4,4,4,5,"35829769"
2,2,3,3,3,"35879867"
3,3,3,4,3,"35909717"
6,6,5,7,7,"35939966"
8,2,2,2,2,"35999835"
2,2,2,2,1,"35999976"
5,5,4,5,4,"36169605"
4,4,5,5,5,"36169831"
15,15,32,15,14,"36249881"
5,5,3,5,2,"36389625"
3,3,4,2,4,"36499864"
7,8,8,7,8,"36589768"
4,5,5,5,5,"36619796"
3,3,1,2,1,"36619985"
2,2,2,2,2,"36669948"
4,4,3,5,4,"36719954"
2,2,2,2,2,"36739956"
2,2,2,2,2,"36769809"
1,2,2,2,2,"36859904"
3,3,3,2,3,"36919761"
3,6,7,8,9,"36929595"
2,2,2,2,1,"36989721"
2,2,2,2,2,"37009633"
1,2,2,1,2,"37019819"
5,7,5,7,6,"37059708"
9,8,8,8,7,"37089659"
11,10,9,9,9,"37189823"
3,2,3,3,3,"37239575"
2,3,3,3,3,"37259652"
1,1,1,1,1,"37269831"
4,4,4,5,4,"37279640"
4,6,5,5,5,"37279800"
5,7,12,2,2,"37339808"
2,3,3,3,3,"37339829"
2,2,2,3,2,"37349873"
3,4,2,4,3,"37529902"
6,6,7,7,6,"37549587"
4,5,4,4,4,"37549925"
3,3,4,2,3,"37549987"
2,3,3,3,3,"37589999"
5,3,2,2,2,"37609990"
2,2,1,2,3,"37689808"
1,1,1,1,1,"37769931"
2,2,3,3,3,"37809945"
5,5,4,4,5,"37939888"
2,2,5,3,5,"37989556"
3,3,3,3,2,"38079788"
3,3,3,3,2,"38079809"
3,3,3,3,3,"38169913"
5,3,5,4,5,"38209579"
2,5,4,4,5,"38259649"
3,2,1,4,5,"38269966"
4,4,4,4,5,"38279666"
2,2,3,2,3,"38309986"
2,2,2,3,3,"38329808"
5,4,4,3,4,"38349595"
4,5,7,5,2,"38399997"
11,6,9,10,11,"38419754"
2,2,2,2,2,"38469642"
4,4,4,3,4,"38479729"
4,3,3,3,3,"38509607"
4,6,5,4,6,"38599801"
3,4,3,3,3,"38659789"
7,6,10,7,8,"38679713"
5,5,5,4,5,"38709981"
2,3,4,3,2,"38809687"
3,3,3,3,3,"38849787"
3,3,3,2,3,"38939876"
3,3,3,3,3,"38999936"
7,7,6,8,7,"39029801"
6,7,7,4,6,"39069916"
2,2,2,2,2,"39089617"
7,7,8,5,6,"39089810"
6,5,5,5,6,"39229941"
3,2,3,3,3,"39249847"
6,5,5,2,10,"39339616"
2,2,3,3,2,"39369790"
2,2,2,2,2,"39629993"
2,2,4,4,4,"39669803"
3,3,3,3,3,"39669911"
5,4,4,5,4,"39679904"
3,3,3,3,3,"39699825"
2,2,2,1,2,"39719814"
12,11,17,11,13,"39719963"
3,3,3,3,3,"39739563"
3,4,5,4,5,"39739964"
2,2,2,3,2,"39769980"
3,3,3,3,3,"39789916"
2,2,2,2,2,"39809741"
11,3,3,2,3,"39849575"
4,4,4,5,4,"39849760"
2,2,2,2,2,"39849975"
2,2,2,2,2,"39949823"
2,2,2,2,2,"39979725"
2,3,3,3,3,"40099884"
3,3,3,3,3,"40139886"
6,6,6,6,6,"40149996"
5,5,6,2,2,"40169835"
7,8,7,7,7,"40199579"
3,3,3,3,3,"40199924"
1,2,3,1,3,"40199980"
4,4,4,4,4,"40229834"
3,3,3,3,4,"40239915"
3,4,4,4,3,"40289891"
3,2,3,2,2,"40419620"
7,6,7,7,7,"40429880"
1,1,1,1,2,"40439944"
2,2,2,2,2,"40479996"
2,2,2,2,2,"40549840"
2,4,3,4,3,"40579818"
2,3,3,3,3,"40599648"
4,4,4,3,4,"40609703"
3,2,3,3,3,"40619813"
4,5,7,5,2,"40669690"
2,2,2,2,2,"40669781"
6,5,9,6,2,"40709994"
3,3,3,4,2,"40749822"
4,3,2,3,4,"40779978"
1,1,1,1,1,"40819762"
2,5,4,4,5,"40889581"
7,3,3,7,1,"40889697"
4,4,4,4,5,"40959631"
3,4,3,4,3,"40969917"
3,4,3,3,3,"41049616"
6,6,6,6,4,"41069978"
5,6,6,2,1,"41089978"
3,4,4,3,3,"41189997"
4,4,3,3,4,"41219986"
2,2,2,2,2,"41419975"
3,3,3,3,3,"41469905"
2,2,3,2,2,"41479616"
6,8,7,4,4,"41519646"
2,2,2,2,2,"41539962"
4,4,6,4,2,"41579936"
1,3,2,2,2,"41589878"
3,3,3,3,3,"41679923"
5,5,5,5,5,"41699814"
2,1,2,2,2,"41709665"
2,2,2,2,2,"41879910"
7,6,6,7,11,"41969542"
4,1,1,1,11,"41979677"
2,2,2,3,2,"42119677"
4,4,3,3,4,"42139922"
3,3,4,3,3,"42149824"
2,2,2,2,3,"42169852"
4,4,3,4,3,"42179858"
2,2,2,2,2,"42289929"
2,2,3,2,3,"42329595"
3,2,3,3,3,"42509966"
3,2,2,2,2,"42509986"
2,5,4,6,5,"42529970"
5,2,2,2,2,"42539716"
5,5,5,6,5,"42659898"
9,7,7,8,5,"42819555"
1,2,2,2,2,"42879651"
2,2,2,2,2,"42919778"
2,1,1,1,1,"42929814"
3,4,3,4,3,"42939560"
1,1,1,13,9,"42959986"
5,5,5,4,5,"43129969"
4,4,3,3,4,"43299990"
5,5,6,4,5,"43319898"
2,2,2,2,2,"43349579"
4,4,4,6,4,"43429730"
4,5,5,8,25,"43449710"
1,1,1,1,1,"43489996"
1,1,1,1,1,"43499671"
4,2,2,2,2,"43499960"
5,4,4,4,4,"43519730"
4,4,4,4,4,"43539824"
2,2,2,3,3,"43599814"
7,7,7,6,6,"43599932"
2,1,1,2,5,"43609830"
2,1,1,2,1,"43689784"
3,4,5,5,5,"43689965"
7,7,7,7,7,"43769997"
2,2,2,3,2,"43779760"
3,2,3,3,3,"43869643"
6,8,6,6,9,"43899957"
6,4,4,5,6,"43919911"
3,3,3,4,3,"44019808"
4,4,5,5,8,"44099958"
8,8,9,7,7,"44109785"
9,16,17,19,13,"44129811"
3,3,2,3,2,"44129959"
4,9,10,6,9,"44159991"
2,3,3,2,3,"44209751"
3,3,3,3,3,"44209904"
3,4,6,7,9,"44229986"
8,7,6,7,9,"44269946"
2,2,2,2,2,"44339934"
4,4,4,4,4,"44459982"
5,5,4,5,3,"44629969"
1,1,1,2,2,"44639953"
3,3,3,3,3,"44729957"
4,4,5,4,4,"44759991"
3,3,3,3,2,"44809845"
6,7,8,8,4,"44839717"
7,11,9,8,9,"45009851"
4,4,3,4,3,"45019696"
2,1,1,1,1,"45029977"
1,5,4,8,5,"45079933"
4,3,3,3,4,"45289995"
8,9,9,5,7,"45369949"
3,3,3,3,3,"45409635"
4,5,5,4,4,"45409661"
3,3,3,3,3,"45559604"
4,2,2,2,2,"45649777"
3,4,4,4,4,"45669818"
2,2,2,2,2,"45729602"
5,6,6,6,1,"45729819"
1,1,1,1,1,"45729954"
8,6,6,6,8,"45769973"
4,4,4,3,4,"45819856"
5,3,4,6,11,"46129828"
11,1,5,7,5,"46159926"
3,3,2,3,3,"46179587"
4,4,4,4,4,"46199830"
6,5,6,5,5,"46279661"
1,1,3,2,2,"46289575"
5,6,6,6,6,"46319846"
2,2,2,1,2,"46349979"
1,1,1,1,2,"46369739"
5,5,6,5,7,"46379873"
2,2,2,2,2,"46379982"
6,4,5,5,6,"46409574"
2,2,2,2,2,"46409826"
2,3,3,2,2,"46439894"
12,15,14,9,13,"46489831"
1,1,1,1,1,"46609760"
3,3,3,6,6,"46659918"
3,3,2,7,7,"46839543"
6,6,6,6,6,"46849605"
5,5,5,5,5,"46849816"
8,7,7,7,7,"46869690"
3,3,3,4,4,"47069929"
4,2,4,4,4,"47119983"
2,2,2,2,2,"47199757"
2,2,3,2,2,"47299897"
3,3,3,3,4,"47329978"
3,4,4,4,3,"47349990"
2,3,3,3,2,"47409797"
5,5,5,6,5,"47409814"
1,1,1,1,1,"47519536"
3,3,3,3,3,"47519827"
2,2,2,2,1,"47649695"
6,6,5,6,6,"47729807"
9,9,9,10,9,"47889961"
3,3,3,3,4,"47899869"
2,3,2,2,3,"48009606"
4,4,4,4,4,"48009896"
4,4,5,4,1,"48029585"
6,6,5,6,6,"48049896"
2,2,1,2,2,"48159996"
2,2,2,2,2,"48179958"
4,4,3,4,4,"48199798"
6,6,7,5,5,"48219933"
3,4,4,4,4,"48439956"
6,6,5,6,5,"48479522"
3,3,6,5,3,"48509865"
4,4,3,4,4,"48539899"
4,5,5,4,4,"48549830"
2,2,2,2,2,"48669585"
7,8,3,1,2,"48819714"
3,2,3,3,1,"48829987"
5,5,5,4,4,"48889801"
4,4,5,5,2,"48909989"
3,4,3,4,3,"48929631"
2,2,2,2,1,"48929800"
2,2,2,1,2,"48929881"
2,2,2,2,2,"48939821"
4,4,4,4,4,"48949721"
2,2,2,2,1,"49159936"
3,14,9,6,8,"49309853"
6,6,6,6,6,"49319652"
12,13,15,12,13,"49459807"
3,3,3,3,3,"49499942"
1,1,1,1,1,"49579941"
4,4,4,4,3,"49719951"
9,6,9,9,9,"49939636"
1,2,2,2,2,"49939816"
2,2,2,2,2,"49969707"
8,7,12,12,8,"49969850"
3,3,4,3,3,"50029548"
7,7,8,7,6,"50029638"
3,4,3,5,5,"50069642"
2,2,2,3,2,"50099615"
7,8,9,8,9,"50099728"
2,2,2,2,2,"50099912"
4,4,5,3,5,"50129744"
5,10,12,8,9,"50199580"
2,1,2,1,2,"50239830"
11,10,11,12,11,"50279938"
5,5,7,6,6,"50289781"
5,8,8,4,4,"50309997"
5,5,5,3,4,"50359965"
7,7,5,5,6,"50379698"
2,2,1,2,2,"50479791"
2,2,2,3,2,"50489953"
2,3,2,7,7,"50519931"
2,3,3,3,3,"50619780"
3,5,5,5,4,"50629997"
3,3,3,3,3,"50689836"
8,7,9,10,5,"50689912"
4,2,3,4,4,"50739844"
3,1,3,4,4,"50759569"
10,8,5,7,7,"50779606"
3,2,2,3,2,"50799928"
2,2,2,2,3,"50869590"
5,5,8,6,5,"50879576"
4,2,3,2,3,"50969868"
6,6,8,6,6,"50999984"
4,4,4,4,4,"51029625"
1,2,2,2,2,"51109607"
3,2,2,2,2,"51199835"
7,6,4,4,3,"51269972"
3,4,2,2,2,"51289528"
3,2,3,3,3,"51319656"
3,4,5,4,4,"51419884"
2,2,2,2,2,"51529853"
3,6,5,3,3,"51559819"
4,4,4,4,4,"51639797"
2,1,2,1,2,"51719813"
2,3,3,3,3,"51749812"
6,7,5,6,2,"51749997"
5,4,5,6,5,"51839574"
2,1,1,3,1,"51919585"
25,1,1,19,19,"51929932"
37,2,2,3,3,"51939992"
1,1,1,1,1,"52039819"
1,1,1,1,2,"52039852"
2,2,2,2,2,"52089714"
5,5,5,6,4,"52129851"
2,3,3,3,3,"52219962"
4,5,4,5,5,"52269599"
6,5,5,6,5,"52319605"
2,2,2,2,1,"52319807"
4,6,4,7,3,"52319932"
2,2,2,2,1,"52379615"
2,2,2,2,2,"52559517"
2,1,1,1,2,"52639869"
3,3,3,2,3,"52649606"
4,4,4,5,4,"52649644"
3,1,2,2,2,"52679821"
3,4,4,4,2,"52709984"
2,3,7,4,2,"52739986"
2,2,3,3,3,"52759663"
5,5,5,5,5,"52889969"
2,2,1,2,7,"52969816"
11,7,9,9,7,"52989686"
4,4,5,5,5,"53119647"
4,4,3,4,4,"53129773"
2,2,2,2,2,"53139937"
2,3,2,2,2,"53219594"
4,3,4,4,4,"53249609"
8,5,10,8,2,"53309567"
4,4,4,4,4,"53449868"
1,1,2,1,1,"53449947"
5,4,5,5,4,"53529990"
9,4,6,8,8,"53629714"
3,3,3,3,3,"53649964"
3,3,3,3,4,"53659748"
3,3,4,3,3,"53709851"
3,4,4,5,5,"53709984"
1,1,2,1,1,"53759799"
2,2,2,2,2,"53789855"
3,5,3,5,3,"53819793"
3,3,4,3,9,"53849921"
4,3,4,4,4,"53989880"
4,4,4,3,4,"54009814"
5,2,5,5,5,"54049864"
3,2,2,2,3,"54079912"
2,3,3,3,3,"54099615"
8,10,9,12,9,"54179843"
6,5,6,6,7,"54219546"
6,6,5,5,5,"54279893"
2,1,2,2,2,"54339683"
11,12,13,7,9,"54339877"
2,2,2,2,2,"54449732"
1,1,1,1,1,"54589898"
3,3,3,3,3,"54599800"
6,6,6,4,4,"54689670"
3,3,3,4,3,"54839800"
2,2,3,3,3,"54869841"
3,5,3,4,4,"54969569"
4,15,6,10,3,"54969865"
17,18,19,18,30,"54989628"
1,1,1,1,1,"55119753"
1,1,1,2,2,"55129810"
3,3,3,3,4,"55139560"
5,6,6,6,6,"55149832"
3,3,4,3,3,"55169787"
3,3,3,3,4,"55239784"
3,3,3,3,3,"55259950"
2,2,2,1,2,"55399866"
2,2,2,2,2,"55409579"
6,4,5,5,6,"55539869"
11,11,9,9,9,"55559919"
2,2,2,2,1,"55579896"
1,2,2,1,2,"55589990"
2,3,3,2,3,"55619636"
2,2,2,2,2,"55659902"
2,1,1,1,1,"55699764"
2,2,2,2,2,"55709533"
10,10,9,10,9,"55849881"
3,3,1,3,2,"55889624"
3,3,3,3,3,"55909600"
2,2,3,3,3,"55919561"
2,2,2,2,2,"56089980"
4,4,4,8,5,"56229619"
7,4,3,4,3,"56229800"
1,1,2,2,2,"56269571"
2,2,1,2,2,"56269748"
2,1,2,2,2,"56269999"
5,6,5,5,5,"56289796"
5,6,6,6,6,"56299930"
1,1,1,1,1,"56569752"
1,1,1,1,1,"56629813"
3,2,2,3,3,"56639598"
3,3,3,3,3,"56669958"
2,3,3,3,3,"56679721"
4,4,5,4,4,"56789778"
3,2,2,2,2,"56829838"
4,4,4,5,3,"56869794"
2,1,1,2,2,"56939689"
2,2,2,2,2,"57019943"
10,9,10,11,10,"57199920"
1,1,1,1,1,"57269625"
1,2,2,15,16,"57369659"
2,2,2,5,5,"57369892"
7,3,4,3,4,"57399788"
3,3,4,2,3,"57419910"
3,4,4,4,4,"57459952"
3,3,3,3,3,"57589744"
5,2,5,5,5,"57669579"
9,2,7,12,8,"57679879"
2,3,3,2,3,"57709953"
8,9,8,10,8,"57749865"
3,4,4,4,3,"57759832"
3,3,3,3,3,"57779591"
2,1,2,2,2,"57799942"
4,2,5,4,4,"57889720"
2,2,2,2,2,"57919957"
4,4,5,4,4,"57929694"
5,3,4,4,5,"58159858"
4,2,1,2,2,"58209836"
2,4,3,4,3,"58309902"
2,2,2,1,1,"58309983"
3,3,3,3,3,"58349654"
3,1,5,1,4,"58369810"
3,3,3,2,4,"58389878"
6,6,6,6,7,"58439884"
3,3,3,3,4,"58489985"
3,3,4,3,3,"58519636"
2,2,2,2,2,"58529610"
2,3,3,4,3,"58559816"
2,2,2,2,4,"58719644"
3,2,3,3,3,"58769988"
8,11,12,8,12,"58809981"
2,2,2,2,2,"58889636"
2,2,2,2,2,"58899766"
2,3,2,2,2,"58899896"
4,2,4,2,6,"58989946"
3,3,3,3,3,"58999710"
3,2,2,3,2,"59059682"
4,3,3,3,4,"59079912"
3,3,3,4,3,"59089608"
3,4,4,3,3,"59149553"
5,5,5,4,4,"59179893"
19,17,15,21,10,"59249576"
3,3,3,3,3,"59329765"
6,4,5,6,8,"59369945"
8,8,10,8,7,"59369958"
1,1,7,7,8,"59429956"
2,4,4,2,2,"59499720"
5,5,5,5,6,"59509843"
5,4,5,5,4,"59599598"
3,3,3,3,3,"59669797"
2,3,2,2,3,"59689862"
3,3,3,3,2,"59709872"
3,3,2,2,3,"59719854"
4,3,3,3,4,"59749760"
2,3,3,9,7,"59809919"
3,3,4,5,2,"59849516"
1,1,2,1,8,"59909971"
3,3,3,3,7,"59969999"
4,7,2,5,4,"60029755"
3,3,3,4,3,"60119643"
4,3,3,3,7,"60179870"
1,2,2,2,2,"60259886"
2,1,2,1,2,"60309703"
2,1,2,2,2,"60329807"
7,8,8,10,8,"60329938"
2,3,2,2,2,"60449806"
1,1,1,1,1,"60549979"
3,3,3,2,3,"60559643"
2,1,1,1,1,"60589972"
4,4,4,4,4,"60749585"
2,2,2,2,2,"60829804"
2,1,1,1,1,"60829822"
12,8,14,10,14,"60889825"
6,14,3,3,3,"60889832"
4,5,4,4,4,"60969802"
3,3,4,4,4,"61039683"
1,5,7,1,4,"61069852"
6,7,6,6,6,"61079972"
5,4,3,4,3,"61109732"
5,5,6,6,6,"61109941"
8,8,7,9,9,"61309843"
2,5,4,5,7,"61359967"
7,6,9,7,7,"61449984"
2,2,2,2,2,"61499780"
5,4,7,3,5,"61609986"
1,3,3,3,3,"61729988"
3,7,8,11,8,"61759735"
8,6,2,8,9,"61839894"
4,4,5,4,5,"61959612"
2,2,2,1,1,"61999562"
2,2,2,2,3,"61999616"
3,3,2,3,3,"62049733"
2,4,3,3,3,"62129717"
1,1,1,1,1,"62129758"
1,1,1,1,1,"62179888"
4,4,3,3,4,"62209651"
1,1,1,1,1,"62369802"
3,2,2,2,2,"62389829"
8,7,7,7,8,"62409748"
6,7,3,3,3,"62469946"
6,5,5,5,5,"62479947"
4,4,4,4,4,"62549981"
1,1,1,1,1,"62599880"
7,10,6,1,1,"62759768"
2,2,2,2,2,"62909989"
2,2,2,2,2,"62919778"
3,3,4,3,4,"62959814"
1,1,2,2,2,"62989950"
3,3,3,3,2,"63019857"
6,1,2,2,1,"63049872"
3,3,2,2,3,"63149599"
1,1,1,1,1,"63159673"
3,2,2,2,2,"63179749"
2,2,3,3,4,"63189976"
29,111,23,46,48,"63319749"
4,4,3,6,4,"63329930"
2,2,2,2,1,"63359779"
2,3,3,3,4,"63369805"
2,2,2,2,2,"63399975"
2,2,1,1,2,"63459902"
2,2,2,1,2,"63459959"
2,2,2,2,3,"63589910"
8,8,8,8,8,"63599623"
3,3,4,2,4,"63609655"
2,2,2,2,2,"63609837"
5,5,2,2,2,"63679811"
2,2,2,2,2,"63709814"
6,10,2,8,11,"63719981"
3,2,3,2,3,"63739795"
3,2,2,2,2,"63799646"
7,6,7,7,7,"63839932"
3,3,3,3,3,"63869936"
2,3,3,3,3,"63879957"
7,7,6,6,5,"63949860"
2,2,2,2,2,"63979788"
5,5,5,4,4,"64119580"
4,4,4,5,7,"64229824"
2,4,4,3,4,"64239835"
2,2,3,2,2,"64239851"
6,5,7,6,7,"64309818"
4,3,4,3,2,"64359776"
2,2,2,2,2,"64369978"
4,3,4,3,4,"64389898"
6,5,6,5,5,"64429608"
3,2,2,3,3,"64579878"
1,2,1,1,1,"64599801"
8,7,5,5,2,"64609895"
5,5,5,3,3,"64629802"
3,2,3,2,3,"64629817"
3,3,2,2,2,"64649954"
2,2,2,3,2,"64699870"
2,2,2,2,1,"64709684"
2,2,2,2,2,"64799826"
2,2,3,2,2,"64809999"
5,4,4,4,5,"64839997"
6,6,5,6,5,"64859710"
3,3,3,2,3,"64909661"
2,2,2,2,2,"65029545"
4,4,5,5,5,"65039570"
5,5,5,5,1,"65239815"
2,2,2,2,2,"65259730"
5,5,4,4,4,"65299979"
6,6,5,6,4,"65339810"
2,2,2,2,2,"65549871"
3,4,4,4,4,"65659888"
4,4,5,1,1,"65699550"
2,2,2,2,2,"65739596"
4,4,3,4,3,"65759557"
2,1,2,2,2,"65769567"
5,4,5,6,5,"65809806"
2,2,2,2,2,"65829806"
3,4,4,4,4,"65969947"
4,4,5,4,4,"66019815"
2,2,1,2,2,"66079851"
2,2,2,2,2,"66099876"
7,6,5,7,6,"66099964"
4,4,4,3,3,"66129983"
3,3,3,2,3,"66159554"
2,2,2,1,2,"66199815"
3,2,3,3,2,"66269728"
6,6,4,5,3,"66279802"
2,2,1,1,2,"66289964"
2,2,2,2,1,"66319699"
4,4,4,5,5,"66319865"
3,3,5,3,3,"66319982"
4,3,3,2,4,"66409862"
7,2,1,1,1,"66429982"
1,2,2,1,2,"66439704"
2,2,2,3,2,"66529712"
4,5,4,4,4,"66589830"
3,4,4,3,4,"66629698"
2,1,2,1,1,"66639808"
2,2,2,2,2,"66699922"
2,2,2,1,1,"66699998"
3,2,2,1,2,"66749695"
6,4,6,5,5,"66789769"
1,2,1,1,1,"66809959"
5,3,3,3,3,"66819994"
4,4,3,4,4,"66839835"
4,4,5,5,4,"66849888"
4,4,3,3,5,"66899795"
4,3,4,4,3,"66949913"
3,3,2,3,3,"66959544"
5,5,5,6,6,"66989807"
2,2,1,1,2,"67009584"
5,5,3,3,3,"67089984"
3,3,3,3,3,"67139562"
2,2,2,2,2,"67309958"
4,4,5,5,5,"67349677"
2,1,1,1,1,"67369569"
1,2,2,1,2,"67459546"
3,2,3,3,3,"67509816"
1,1,2,2,2,"67519904"
2,1,3,4,3,"67529820"
2,2,2,2,2,"67659643"
6,5,7,7,6,"67659989"
5,4,4,4,4,"67769883"
4,4,4,4,2,"67799575"
5,5,5,4,4,"67809986"
5,5,4,5,3,"67829568"
1,1,1,1,1,"67849867"
4,3,4,4,4,"67909561"
3,4,4,4,4,"67949591"
1,1,1,1,2,"67979994"
10,8,8,2,2,"68029961"
3,3,3,3,4,"68139746"
3,2,2,3,2,"68209534"
5,3,4,5,5,"68299523"
3,2,3,2,4,"68299894"
2,2,2,2,2,"68329889"
2,2,2,2,2,"68369727"
7,7,8,6,8,"68369880"
2,2,2,2,2,"68399975"
2,3,3,4,4,"68439887"
1,1,1,1,1,"68489597"
2,2,2,2,2,"68509607"
5,5,4,3,4,"68539890"
5,6,5,6,6,"68589912"
3,3,3,3,3,"68619793"
4,3,3,3,3,"68659566"
4,3,4,4,4,"68689965"
2,2,4,3,4,"68839859"
3,2,2,2,2,"68879713"
6,7,6,5,5,"68919783"
2,2,2,2,2,"68949809"
3,3,2,2,2,"69009686"
3,3,3,3,3,"69179754"
4,4,4,3,4,"69199669"
5,4,3,2,3,"69229945"
4,2,3,1,2,"69329634"
3,3,3,3,2,"69349799"
2,3,2,3,2,"69399738"
3,3,3,3,3,"69429786"
2,2,2,2,2,"69479719"
3,3,4,3,3,"69509703"
2,2,2,2,2,"69559881"
5,5,4,2,2,"69679884"
2,2,2,2,2,"69729563"
8,4,7,7,7,"69769566"
9,8,9,5,7,"69779596"
2,1,2,2,2,"69919763"
2,4,4,4,4,"70069949"
1,1,1,1,1,"70139914"
7,6,6,6,5,"70159937"
4,2,4,3,3,"70239750"
1,1,1,1,2,"70309838"
5,5,5,4,7,"70309918"
7,6,6,6,6,"70329843"
2,2,2,2,2,"70329964"
4,6,7,6,5,"70329992"
1,1,1,1,1,"70339834"
3,4,4,3,4,"70449806"
4,3,3,3,3,"70549834"
3,3,3,3,3,"70559769"
2,2,3,2,2,"70579807"
4,4,3,3,3,"70579976"
2,2,4,2,3,"70589698"
4,5,4,6,5,"70599860"
3,7,3,5,9,"70659949"
2,2,2,2,2,"70779661"
2,2,1,1,1,"70789997"
4,4,3,3,4,"70829837"
2,2,2,2,2,"70839933"
2,2,2,2,2,"70869780"
5,4,4,4,5,"70909617"
2,2,2,2,2,"70959635"
2,2,3,3,2,"71020000"
3,3,3,2,3,"71079980"
1,2,2,1,2,"71199923"
3,2,3,2,3,"71269983"
3,3,3,3,3,"71289798"
6,6,6,6,6,"71309569"
1,1,1,1,1,"71399913"
6,6,6,6,7,"71439816"
5,6,4,5,6,"71499894"
2,2,2,3,1,"71499931"
6,5,6,6,6,"71659967"
1,1,1,1,1,"71669903"
12,11,13,11,15,"71719734"
1,2,2,2,2,"71719832"
6,7,8,7,7,"71809778"
3,3,2,3,2,"71889894"
6,5,5,7,5,"71909986"
2,3,2,2,2,"71989811"
1,1,1,1,1,"72189942"
2,2,2,2,2,"72219861"
2,2,2,2,1,"72369833"
3,2,2,3,2,"72369948"
2,1,1,1,2,"72399803"
6,5,5,4,5,"72489595"
4,6,6,5,5,"72509958"
6,6,5,4,7,"72619999"
3,3,3,3,3,"72729561"
3,3,3,3,18,"72739822"
2,2,2,2,2,"72799724"
7,9,4,7,6,"72819768"
2,2,2,2,2,"72839836"
6,6,6,6,5,"72859797"
1,1,1,1,1,"72899594"
3,3,3,3,3,"72969591"
2,1,1,1,1,"72989999"
3,5,6,5,5,"72999965"
2,3,3,4,2,"73009929"
3,3,3,3,3,"73049516"
2,2,2,3,2,"73079911"
3,2,2,2,2,"73079933"
3,3,3,3,3,"73189606"
6,8,7,7,5,"73239833"
4,7,6,6,6,"73259941"
2,1,2,2,2,"73299969"
5,3,19,35,28,"73319677"
2,2,1,2,2,"73519846"
2,2,2,2,4,"73519861"
3,3,3,3,3,"73579859"
3,3,3,2,3,"73639835"
2,2,1,2,2,"73649581"
3,3,3,3,3,"73679873"
1,2,2,1,2,"73809611"
2,1,5,6,5,"73859929"
3,3,3,3,3,"73909623"
8,6,7,7,8,"73939814"
4,3,3,4,3,"74019703"
3,3,3,3,3,"74029934"
3,3,3,3,3,"74039561"
11,6,8,8,8,"74089696"
3,3,4,2,4,"74209744"
4,3,4,4,4,"74219950"
3,3,3,3,3,"74289807"
3,2,3,3,3,"74309851"
8,7,8,7,8,"74329710"
4,4,4,4,5,"74349745"
7,7,7,6,5,"74359817"
3,3,3,4,3,"74429898"
2,2,2,2,2,"74609955"
3,4,5,5,4,"74669916"
2,2,4,5,4,"74699977"
6,4,5,5,5,"74709993"
1,1,1,1,1,"74719607"
1,1,1,1,1,"74749840"
1,1,1,5,6,"74759887"
6,2,1,2,2,"74759921"
2,2,2,3,4,"74779598"
4,4,4,4,3,"74789761"
9,11,9,8,14,"74809914"
6,5,5,5,5,"74839726"
4,8,5,6,5,"74859999"
2,2,2,2,2,"74909637"
3,2,2,2,2,"74949747"
4,5,4,4,4,"74959935"
3,2,1,3,3,"75099730"
2,2,2,3,2,"75129821"
5,5,4,5,4,"75169913"
2,2,2,2,2,"75219661"
3,2,3,4,3,"75239975"
1,1,2,1,2,"75309956"
3,3,3,3,3,"75459553"
2,3,4,3,3,"75529965"
7,7,3,2,2,"75539779"
4,5,4,4,5,"75569703"
4,4,7,4,5,"75569745"
2,2,3,1,2,"75599971"
3,4,2,4,3,"75639628"
3,3,4,4,2,"75659942"
1,1,1,1,2,"75689897"
3,4,3,4,3,"75719956"
7,6,7,6,3,"75809879"
4,5,5,5,5,"75819974"
2,2,2,2,2,"75859738"
4,6,5,6,5,"75899684"
8,4,2,3,2,"75929626"
3,3,2,3,3,"75929995"
3,3,3,3,4,"75949929"
1,1,1,1,1,"75989819"
5,4,5,4,4,"76079817"
1,2,1,1,2,"76089832"
2,2,2,2,2,"76119926"
5,5,5,6,5,"76299582"
3,3,6,3,3,"76309982"
2,2,1,2,1,"76319567"
1,2,1,1,2,"76369645"
2,3,2,2,2,"76399832"
8,7,7,7,6,"76519764"
5,4,5,5,4,"76519834"
2,2,5,3,2,"76569920"
6,8,7,9,8,"76579825"
3,4,4,4,3,"76619544"
4,4,4,4,4,"76689889"
3,3,3,4,3,"76759978"
5,5,5,6,5,"76819642"
3,3,4,3,3,"76829675"
3,3,3,3,4,"76849847"
1,1,1,1,1,"76859612"
2,2,2,2,2,"76959946"
2,2,2,2,2,"77089884"
4,4,4,4,4,"77129952"
5,10,8,10,7,"77329638"
10,8,10,9,13,"77349930"
4,4,4,5,4,"77489811"
3,2,3,3,3,"77539788"
3,4,4,3,3,"77569887"
11,10,10,12,13,"77639836"
5,5,5,4,5,"77679883"
4,4,4,4,4,"77679888"
5,5,3,4,5,"77759601"
2,2,2,2,4,"77779881"
5,3,3,2,2,"77799644"
2,3,3,3,3,"77839753"
10,12,7,7,8,"77849956"
5,6,4,6,6,"77869988"
2,1,2,2,2,"77889863"
1,1,1,2,2,"77939826"
5,4,2,2,2,"77969898"
7,6,7,6,1,"78019832"
6,4,3,3,6,"78099516"
6,3,5,5,5,"78119662"
3,3,4,3,3,"78199831"
2,2,2,2,8,"78329997"
1,1,1,1,1,"78339680"
4,3,4,4,5,"78409577"
3,4,3,3,3,"78419719"
3,2,2,2,2,"78439721"
3,5,5,6,6,"78499979"
1,1,1,1,1,"78539992"
3,3,4,3,3,"78599978"
2,2,2,2,2,"78639616"
3,3,4,4,6,"78669628"
6,7,6,7,7,"78669634"
2,2,2,2,2,"78679975"
5,5,5,6,5,"78729631"
3,3,4,3,3,"79019839"
6,4,3,5,5,"79039800"
1,1,1,2,1,"79059792"
2,2,9,8,3,"79089986"
7,2,9,10,9,"79119626"
10,11,12,13,11,"79149851"
3,6,7,6,5,"79229923"
4,4,4,4,4,"79229925"
3,3,3,3,4,"79249895"
2,1,1,1,1,"79289768"
4,2,3,3,3,"79309678"
3,2,2,2,2,"79419939"
2,2,2,2,2,"79499693"
3,2,3,3,3,"79569929"
6,5,5,4,5,"79699618"
2,2,2,3,2,"79799813"
6,7,6,2,6,"79849706"
2,1,2,1,1,"79869994"
2,2,2,2,1,"79899874"
7,6,5,7,6,"80029584"
6,7,12,7,9,"80089936"
2,3,3,3,3,"80129666"
4,3,4,4,3,"80159773"
3,2,3,3,3,"80169689"
1,1,1,1,1,"80169901"
3,3,4,3,3,"80229611"
2,2,2,2,2,"80299946"
2,2,2,2,2,"80369845"
3,3,4,2,4,"80389854"
3,3,2,2,2,"80389915"
3,4,4,4,4,"80399571"
3,3,2,3,3,"80399800"
4,3,5,4,4,"80419730"
1,1,1,1,1,"80429707"
2,2,2,2,4,"80479935"
2,1,1,1,1,"80509648"
5,5,5,5,5,"80539979"
2,2,2,2,2,"80589961"
5,4,5,5,5,"80669666"
6,4,5,6,5,"80699587"
2,2,2,2,1,"80769887"
1,2,2,2,2,"80859701"
5,6,6,6,5,"80859813"
3,5,5,4,5,"80919939"
3,4,3,4,2,"80919996"
2,2,2,2,2,"80929858"
6,4,5,5,6,"80999929"
2,2,4,3,4,"81029960"
3,4,4,3,4,"81159947"
2,2,3,2,1,"81199915"
2,4,6,5,6,"81259764"
3,3,3,3,3,"81269812"
3,3,2,3,4,"81349923"
3,2,3,3,3,"81389969"
1,1,3,2,3,"81519841"
4,4,6,4,13,"81539535"
3,3,4,3,3,"81609864"
1,1,1,1,1,"81659873"
5,4,4,4,4,"81689893"
3,3,3,2,2,"81719591"
5,4,4,4,4,"81719949"
4,3,4,4,3,"81779810"
3,4,4,6,6,"81919572"
1,1,1,2,1,"81919616"
2,1,1,1,1,"81969930"
3,2,2,2,2,"82039956"
3,3,3,3,3,"82049898"
4,4,4,4,4,"82119724"
2,1,1,2,2,"82309982"
4,5,4,6,5,"82399811"
5,7,6,3,3,"82499585"
9,9,6,8,4,"82579930"
4,3,4,5,4,"82599846"
2,2,6,6,6,"82629825"
6,6,7,7,6,"82629970"
2,2,1,2,1,"82659863"
3,4,4,4,4,"82669531"
7,7,9,5,7,"82739882"
2,2,2,2,2,"82839870"
4,3,4,4,4,"82949944"
3,3,3,4,3,"82989879"
1,1,1,1,1,"83009883"
3,4,4,4,4,"83029872"
2,2,2,2,2,"83109711"
3,3,3,3,3,"83209896"
2,2,2,2,2,"83229822"
2,2,2,3,3,"83259898"
3,3,4,4,3,"83299721"
5,3,3,3,4,"83359833"
2,2,2,2,2,"83379817"
3,3,3,4,3,"83419755"
6,4,4,5,4,"83429800"
3,4,9,9,6,"83469980"
2,2,2,2,2,"83519981"
10,10,11,10,11,"83549899"
6,5,6,5,6,"83549946"
1,1,2,1,1,"83569974"
5,6,5,6,7,"83579610"
2,1,2,3,3,"83599655"
2,2,2,3,2,"83639904"
6,7,6,6,7,"83709894"
3,3,2,3,3,"83829593"
7,7,7,7,7,"83869839"
3,2,3,2,3,"83889904"
5,5,6,5,5,"83969811"
3,3,3,3,3,"83979666"
1,1,1,1,1,"84109612"
3,3,3,3,4,"84119696"
4,3,3,4,3,"84299911"
2,3,3,3,3,"84309861"
2,2,2,2,2,"84319801"
4,4,5,3,4,"84389796"
2,3,3,2,2,"84399956"
2,3,4,3,4,"84439987"
2,3,3,2,3,"84449994"
6,5,6,4,1,"84519978"
1,3,5,2,4,"84769937"
5,4,5,5,5,"84809987"
1,6,6,6,6,"84869542"
5,5,5,5,5,"84909909"
2,2,2,3,2,"84919853"
4,4,4,3,4,"84939831"
4,2,3,4,3,"84949990"
4,3,3,2,6,"84959905"
1,2,1,2,2,"84969976"
3,3,3,3,5,"85019945"
3,2,2,2,2,"85069816"
4,4,4,4,3,"85119903"
5,4,4,5,6,"85259620"
3,3,3,3,3,"85259959"
3,3,3,3,3,"85269784"
3,3,3,3,3,"85289658"
2,2,2,2,2,"85399739"
3,2,3,2,2,"85409937"
3,3,3,3,2,"85469969"
3,3,3,2,3,"85489814"
2,2,2,2,2,"85519694"
6,6,6,6,6,"85619753"
5,5,5,5,6,"85679797"
2,2,1,2,2,"85739705"
2,2,2,2,2,"85909521"
1,1,1,1,1,"85949941"
4,5,4,4,4,"85969765"
3,7,8,7,6,"85969899"
5,11,8,9,8,"85989908"
11,5,4,4,4,"85989953"
3,3,3,3,3,"86019911"
3,2,3,2,2,"86039934"
2,2,2,2,2,"86079964"
2,3,4,3,3,"86239819"
3,6,6,6,1,"86339876"
17,12,17,2,2,"86359936"
3,2,3,2,2,"86379789"
2,3,2,2,2,"86779700"
4,5,4,5,5,"86789986"
2,2,2,2,2,"86799874"
2,2,2,2,2,"86799985"
3,3,3,3,2,"86899624"
7,6,6,4,3,"86899663"
4,5,4,3,4,"86949816"
2,2,2,2,2,"87099851"
2,2,2,2,2,"87149622"
3,3,4,2,4,"87179895"
5,5,6,5,6,"87219981"
3,3,3,3,3,"87239848"
1,1,1,1,1,"87259583"
4,3,3,3,3,"87359769"
1,1,1,1,1,"87379789"
5,3,4,4,4,"87429821"
2,2,2,1,2,"87429999"
4,4,4,4,3,"87559606"
2,2,1,2,2,"87629809"
2,2,2,1,2,"87649940"
3,4,2,4,2,"87739997"
4,2,5,5,6,"87839536"
8,9,8,9,2,"87859993"
2,2,2,3,2,"88029873"
3,2,2,2,2,"88059865"
3,3,3,2,3,"88129996"
3,3,4,4,3,"88139830"
3,3,3,3,3,"88149930"
1,1,1,1,1,"88219595"
15,17,16,2,19,"88269944"
6,6,6,7,6,"88359783"
2,2,2,2,2,"88359903"
1,2,2,4,3,"88419779"
4,2,2,2,4,"88439730"
1,1,1,5,4,"88499937"
3,2,2,2,2,"88559800"
2,3,2,2,3,"88629929"
4,4,4,4,5,"88699811"
2,2,2,3,2,"88729945"
2,2,2,2,4,"88749671"
1,2,1,1,1,"88829796"
1,1,1,1,1,"88899548"
5,5,6,5,5,"88899873"
2,2,2,2,2,"88999990"
3,2,3,3,2,"89079661"
2,2,3,2,3,"89159653"
3,4,4,5,5,"89169833"
1,1,1,1,1,"89209703"
4,4,5,3,4,"89269960"
4,5,5,3,7,"89299599"
6,5,5,4,5,"89299811"
3,2,3,2,2,"89299902"
2,1,2,1,2,"89339811"
3,3,3,4,3,"89359663"
2,3,2,2,2,"89459995"
2,2,2,2,2,"89509969"
2,2,2,2,2,"89529591"
4,7,5,7,6,"89549896"
4,4,4,4,5,"89569898"
4,7,5,4,4,"89579824"
9,8,7,8,7,"89709714"
2,2,2,2,2,"89729948"
2,2,3,4,4,"89749619"
2,2,2,2,2,"89759976"
2,2,2,2,2,"89769630"
3,3,3,3,3,"89779928"
2,2,2,2,2,"89849985"
3,3,3,3,3,"89869626"
3,3,6,3,3,"89879774"
2,2,3,2,2,"89889832"
2,2,2,3,2,"89959808"
2,2,2,2,2,"90099963"
4,4,5,4,6,"90119678"
5,6,7,4,6,"90119828"
3,2,3,3,3,"90139923"
3,3,5,4,3,"90299561"
3,2,2,2,2,"90379624"
2,2,2,2,2,"90429998"
3,3,3,3,3,"90579826"
3,3,3,3,3,"90599963"
2,2,2,2,2,"90679895"
4,5,9,6,5,"90779596"
6,6,5,6,3,"90909890"
3,3,2,2,3,"90959770"
1,1,1,1,1,"90999744"
1,1,1,1,1,"91029748"
2,2,2,2,3,"91039747"
6,8,7,9,7,"91049795"
7,8,7,8,7,"91129850"
7,6,8,8,8,"91139797"
6,7,6,7,6,"91219808"
1,1,1,5,4,"91219877"
2,3,2,2,3,"91229754"
3,3,3,3,3,"91499539"
3,4,3,3,3,"91579905"
3,3,3,2,3,"91639703"
2,3,3,3,3,"91669577"
2,3,2,2,3,"91699705"
5,4,5,3,2,"91729991"
4,7,2,3,3,"91759561"
1,1,1,1,1,"91769669"
6,7,13,7,11,"91939823"
2,2,2,2,2,"91959948"
1,1,1,1,1,"91969693"
7,5,4,4,4,"91999785"
2,3,3,3,2,"92039782"
2,2,2,2,2,"92129893"
3,3,2,2,3,"92139922"
1,1,1,2,1,"92159812"
1,1,1,2,2,"92199878"
1,2,2,1,1,"92209947"
5,6,4,2,3,"92229970"
7,10,7,11,11,"92289730"
13,3,5,5,14,"92309822"
3,3,3,3,3,"92359694"
2,2,2,2,2,"92609580"
2,2,1,2,2,"92689781"
3,4,2,4,3,"92719644"
4,4,4,4,4,"92729835"
3,2,2,3,3,"92779572"
5,5,4,5,4,"92979822"
2,2,2,2,2,"93039647"
1,2,2,2,2,"93049717"
4,7,5,7,2,"93069776"
5,5,5,5,6,"93119860"
5,7,7,6,7,"93149872"
4,2,10,5,7,"93289902"
4,4,3,4,4,"93299781"
6,6,6,6,5,"93489904"
5,4,4,4,4,"93509814"
2,1,1,1,2,"93529776"
6,11,2,8,5,"93579729"
2,2,3,3,3,"93609925"
2,3,3,2,3,"93809895"
5,6,6,5,5,"93819972"
3,3,3,3,3,"93869930"
6,5,7,6,1,"93909955"
1,1,1,1,1,"93919987"
2,2,3,3,2,"94019927"
2,2,2,2,2,"94109885"
5,6,5,5,2,"94129945"
4,4,5,4,4,"94209932"
2,2,1,1,1,"94309610"
2,2,2,2,2,"94339923"
6,5,6,5,5,"94369976"
3,3,3,4,3,"94389911"
3,4,3,4,4,"94449814"
8,7,7,7,8,"94449952"
8,10,10,6,6,"94479963"
2,2,4,4,5,"94629802"
2,2,2,3,2,"94639778"
2,2,2,2,2,"94719818"
10,14,11,10,11,"94789789"
3,2,2,2,2,"94819886"
5,6,6,6,2,"94859825"
4,5,4,2,6,"94869963"
5,5,5,4,4,"94879842"
2,2,2,3,2,"94969870"
2,3,3,3,2,"94979631"
3,5,6,5,6,"94999586"
4,4,4,4,4,"95009958"
4,4,4,2,2,"95029657"
4,5,4,4,5,"95079770"
4,3,4,4,4,"95099867"
3,2,4,4,4,"95119997"
3,4,3,7,7,"95199936"
2,2,2,2,2,"95239946"
5,5,4,4,5,"95289859"
2,1,1,1,2,"95359802"
2,2,1,1,1,"95399633"
5,4,4,6,4,"95409578"
3,3,3,3,2,"95529877"
5,8,6,6,7,"95549630"
1,2,2,2,2,"95579938"
2,2,2,2,3,"95589992"
6,4,3,3,2,"95709748"
3,3,3,3,3,"95859578"
3,3,3,3,6,"95899906"
2,1,1,2,2,"96009798"
3,4,4,4,4,"96059734"
1,1,1,1,1,"96129589"
1,1,1,1,1,"96189548"
9,7,8,9,4,"96209808"
1,1,1,1,2,"96349637"
9,12,9,3,1,"96459814"
2,2,2,2,2,"96499842"
5,5,4,3,4,"96539725"
5,5,2,13,3,"96609903"
26,16,7,12,15,"96659926"
6,6,6,6,7,"96669862"
5,5,5,5,5,"96689603"
1,2,1,2,2,"96769578"
3,3,3,7,7,"96779824"
3,3,2,2,1,"96829926"
4,4,2,1,1,"96909541"
4,4,5,4,5,"96929780"
3,3,6,6,5,"96929865"
5,6,6,6,6,"96989820"
3,3,3,3,2,"97109795"
3,3,2,2,3,"97179990"
3,3,2,2,2,"97279814"
2,2,2,2,1,"97309726"
1,1,1,1,1,"97309834"
2,3,3,3,3,"97639840"
3,3,2,2,2,"97729819"
2,1,1,1,1,"97759939"
2,2,2,1,2,"97779992"
2,3,3,3,5,"97809684"
2,1,1,1,1,"97829996"
4,4,3,3,3,"97889787"
6,5,4,5,5,"97909841"
3,3,3,3,3,"97939915"
6,7,6,8,3,"97979605"
4,4,4,4,4,"97999798"
9,8,7,7,8,"98009919"
3,3,4,3,5,"98099763"
4,5,2,4,4,"98199541"
4,4,4,3,5,"98229688"
5,6,5,6,5,"98349945"
6,8,6,5,6,"98419981"
7,6,5,7,7,"98459704"
1,2,2,2,2,"98569581"
2,2,2,3,2,"98589856"
1,1,1,1,1,"98619777"
2,14,2,3,4,"98629946"
3,2,2,2,2,"98629985"
6,7,9,7,7,"98659904"
4,4,4,4,7,"98709618"
3,3,3,4,4,"98729975"
3,2,2,3,2,"98829990"
7,7,7,6,5,"98899775"
2,2,3,2,3,"98929872"
3,2,1,1,1,"98939819"
4,5,4,2,3,"98989825"
4,3,4,4,4,"98999735"
6,6,6,6,6,"99069931"
5,6,5,6,6,"99099906"
3,3,4,3,4,"99119952"
1,2,3,2,2,"99149919"
5,5,7,5,2,"99159943"
3,5,3,4,9,"99189821"
2,2,2,2,2,"99209987"
2,2,2,2,2,"99249677"
3,3,3,3,3,"99259910"
1,1,1,2,1,"99309885"
3,4,4,4,4,"99369897"
5,4,5,4,5,"99409816"
3,4,3,3,4,"99449893"
2,2,2,2,13,"99519741"
6,5,6,6,7,"99519944"
2,2,1,2,2,"99579878"
1,2,1,1,1,"99649638"
3,2,3,3,3,"99699989"
4,2,3,3,3,"99809929"
2,2,2,2,2,"99869816"
2,2,2,2,2,"99869920"
5,5,6,4,4,"99989987"
